pixel_id,probability,true_label,predicted
Pali_0_10_north,0.32007256,0.0,0
Pali_0_72_south,0.066569924,0.0,0
Alwar_0_118_southeast,0.44334698,0.0,0
Pali_0_117_south,0.2998472,0.0,0
Pali_0_117_west,0.2673985,0.0,0
Jhunjhunu_0_210_northeast,0.7765617,0.0,1
Jhunjhunu_0_285_southwest,0.4029264,1.0,0
Jhunjhunu_0_285_west,0.49423733,1.0,0
Nagaur_0_368_southwest,0.6493831,0.0,1
Nagaur_0_387_southwest,0.25304988,0.0,0
Jaipur_1_48_center,0.49042988,0.0,0
Nagaur_1_155_center,0.35603535,0.0,0
Nagaur_1_466_southwest,0.5022307,0.0,1
Jaipur_2_50_northwest,0.28871605,0.0,0
Jhunjhunu_2_57_northeast,0.7321553,1.0,1
Jhunjhunu_2_67_southwest,0.7612883,1.0,1
Jaipur_2_106_southwest,0.062286735,0.0,0
Jhunjhunu_2_115_northwest,0.6588961,0.0,1
Nagaur_2_119_west,0.38580266,0.0,0
Pali_2_139_southeast,0.18223745,0.0,0
Pali_2_143_west,0.19432057,0.0,0
Jhunjhunu_2_166_southwest,0.86669433,1.0,1
Jhunjhunu_2_328_east,0.70515484,1.0,1
Jaipur_2_400_north,0.30932403,0.0,0
Jaipur_2_457_southeast,0.10309835,0.0,0
Alwar_3_36_northeast,0.3868965,0.0,0
Jhunjhunu_3_215_north,0.6680448,1.0,1
Jaipur_3_222_north,0.3549993,0.0,0
Nagaur_3_236_center,0.09887081,0.0,0
Pali_3_396_north,0.16057743,0.0,0
Nagaur_3_401_east,0.21381375,0.0,0
Nagaur_3_434_center,0.36797065,0.0,0
Nagaur_3_463_center,0.7304217,0.0,1
Jhunjhunu_3_472_northeast,0.6202908,0.0,1
Pali_3_487_east,0.24563275,0.0,0
Jaipur_4_51_south,0.12542652,0.0,0
Jaipur_4_52_center,0.16538763,0.0,0
Pali_4_124_center,0.17595789,0.0,0
Pali_4_147_center,0.23532796,0.0,0
Jaipur_4_332_east,0.25625977,0.0,0
Nagaur_4_371_east,0.6512645,0.0,1
Jhunjhunu_4_392_south,0.83934015,1.0,1
Nagaur_4_435_southeast,0.13995212,0.0,0
Jhunjhunu_5_44_southeast,0.43167147,0.0,0
Jaipur_5_119_northeast,0.23414709,0.0,0
Nagaur_5_211_northeast,0.7057925,0.0,1
Jaipur_5_271_southeast,0.11425224,0.0,0
Jaipur_5_290_northwest,0.07622432,0.0,0
Sikar_5_300_north,0.6839839,0.0,1
Jaipur_5_395_west,0.18535015,0.0,0
Jaipur_6_8_south,0.095281914,0.0,0
Jaipur_6_8_southwest,0.06847317,0.0,0
Jhunjhunu_6_30_west,0.75479347,0.0,1
Jaipur_6_67_center,0.5150521,0.0,1
Jhunjhunu_6_71_northwest,0.6927928,0.0,1
Nagaur_6_304_northeast,0.37247822,0.0,0
Jhunjhunu_6_298_center,0.5409283,0.0,1
Nagaur_6_341_east,0.3033775,0.0,0
Nagaur_6_341_west,0.48042068,0.0,0
Jaipur_6_392_southeast,0.054958664,0.0,0
Jaipur_6_424_north,0.063330956,0.0,0
Sikar_7_45_southwest,0.5674723,0.0,1
Sikar_7_77_northeast,0.40630433,0.0,0
Jhunjhunu_7_71_southwest,0.6812873,1.0,1
Jhunjhunu_7_100_southwest,0.5237415,0.0,1
Jhunjhunu_7_123_northeast,0.80068237,1.0,1
Jhunjhunu_7_240_west,0.81070083,0.0,1
Pali_8_70_west,0.15605998,0.0,0
Jaipur_8_76_center,0.029664595,0.0,0
Pali_8_102_southeast,0.19638245,0.0,0
Pali_8_126_center,0.11637549,0.0,0
Jhunjhunu_8_171_west,0.6463101,0.0,1
Jaipur_8_249_northeast,0.16465847,0.0,0
Jaipur_9_55_northwest,0.16763876,0.0,0
Jaipur_9_83_south,0.20434919,0.0,0
Jaipur_9_195_northwest,0.25747463,0.0,0
Jaipur_9_317_west,0.18642871,0.0,0
Jaipur_9_317_northwest,0.21876658,0.0,0
Jaipur_9_324_center,0.18949242,0.0,0
Jhunjhunu_9_370_south,0.7321553,0.0,1
Pali_10_4_west,0.22847974,0.0,0
Jhunjhunu_10_38_center,0.47001496,0.0,0
Jaipur_10_179_east,0.32390985,0.0,0
Jhunjhunu_10_264_east,0.6629804,1.0,1
Nagaur_10_297_west,0.25304988,0.0,0
Jaipur_10_305_southeast,0.35969418,0.0,0
Pali_10_321_southeast,0.04187162,0.0,0
Pali_10_321_south,0.042388942,0.0,0
Sikar_11_27_east,0.23947392,0.0,0
Alwar_11_38_southwest,0.5223666,0.0,1
Jhunjhunu_11_56_center,0.48439673,0.0,0
Jhunjhunu_11_113_west,0.18402173,0.0,0
Jaipur_11_186_northeast,0.23576942,0.0,0
Jhunjhunu_11_215_north,0.73523486,0.0,1
Jaipur_11_272_southwest,0.08639496,0.0,0
Jhunjhunu_11_320_southeast,0.16319439,0.0,0
Jaipur_12_18_east,0.17209451,0.0,0
Jaipur_12_26_southwest,0.08013018,0.0,0
Jaipur_12_39_center,0.17509976,0.0,0
Jaipur_12_200_northeast,0.28839463,0.0,0
Jaipur_12_321_northwest,0.128992,0.0,0
Nagaur_12_345_west,0.4104193,0.0,0
Jhunjhunu_12_350_west,0.3793734,0.0,0
Jaipur_13_9_center,0.14821725,0.0,0
Jhunjhunu_13_114_north,0.75509834,0.0,1
Jhunjhunu_13_207_north,0.71582645,0.0,1
Jaipur_13_325_west,0.29899037,0.0,0
Alwar_14_12_southwest,0.32546064,0.0,0
Jhunjhunu_14_200_northwest,0.6727473,0.0,1
Jaipur_14_269_center,0.32342818,0.0,0
Jhunjhunu_14_293_south,0.4862401,0.0,0
Jhunjhunu_14_302_southeast,0.66340214,0.0,1
Jaipur_14_347_center,0.0658059,0.0,0
Sikar_14_366_south,0.6504698,0.0,1
Jhunjhunu_15_12_north,0.7015266,0.0,1
Pali_15_30_east,0.12320146,0.0,0
Jhunjhunu_15_116_southwest,0.6727473,1.0,1
Nagaur_15_175_center,0.99910223,0.0,1
Jaipur_15_182_northeast,0.053883426,0.0,0
Jaipur_15_182_northwest,0.20589995,0.0,0
Jhunjhunu_15_327_north,0.6110526,0.0,1
Jaipur_15_344_east,0.046935357,0.0,0
Jhunjhunu_15_348_northeast,0.78911936,0.0,1
Jhunjhunu_16_46_east,0.60370415,1.0,1
Jaipur_16_108_east,0.15762468,0.0,0
Jaipur_16_144_center,0.41565526,0.0,0
Jhunjhunu_16_214_northwest,0.7736833,0.0,1
Jaipur_16_262_southeast,0.10971313,0.0,0
Jhunjhunu_17_2_southwest,0.654455,0.0,1
Sikar_18_10_east,0.47090164,0.0,0
Nagaur_18_237_south,0.569536,0.0,1
Jaipur_18_256_southeast,0.19669524,0.0,0
Jaipur_18_318_center,0.17095679,0.0,0
Nagaur_19_42_east,0.5902747,0.0,1
Jaipur_19_185_southwest,0.14502221,1.0,0
Nagaur_19_202_southwest,0.44171903,0.0,0
Jaipur_19_287_west,0.16169019,0.0,0
Pali_19_310_northeast,0.051416427,0.0,0
Jhunjhunu_20_77_center,0.58800656,0.0,1
Jaipur_20_94_northeast,0.106458716,0.0,0
Jaipur_20_108_northwest,0.17528899,0.0,0
Jaipur_20_174_southeast,0.31933895,0.0,0
Jaipur_20_183_east,0.24479741,0.0,0
Jaipur_20_285_west,0.31021434,0.0,0
Jaipur_21_16_west,0.32758147,0.0,0
Jaipur_21_25_south,0.12092062,0.0,0
Alwar_21_125_northwest,0.28158465,0.0,0
Bundi_21_129_east,0.019831942,0.0,0
Jhunjhunu_21_147_south,0.73628944,0.0,1
Jhunjhunu_21_223_center,0.6876755,0.0,1
Jaipur_22_130_east,0.1339053,0.0,0
Sikar_22_172_east,0.5406154,1.0,1
Jaipur_22_226_west,0.0737613,0.0,0
Jaipur_22_250_southeast,0.1814119,0.0,0
Jaipur_23_34_center,0.15745196,0.0,0
Jhunjhunu_23_166_north,0.7647877,1.0,1
Sikar_23_183_northeast,0.4135706,0.0,0
Jhunjhunu_23_232_east,0.69646114,1.0,1
Jhunjhunu_23_277_center,0.7066267,1.0,1
Jaipur_24_78_southeast,0.042835604,0.0,0
Sikar_24_121_north,0.3959114,0.0,0
Jhunjhunu_25_38_southwest,0.5870838,0.0,1
Jhunjhunu_25_47_southeast,0.57247925,0.0,1
Pali_25_53_west,0.1285877,0.0,0
Pali_25_122_east,0.06896135,0.0,0
Sikar_25_160_west,0.48257494,0.0,0
Jhunjhunu_25_199_center,0.68238944,0.0,1
Jhunjhunu_27_71_southwest,0.5647353,0.0,1
Nagaur_27_82_south,0.37473541,0.0,0
Jaipur_27_89_north,0.0347375,0.0,0
Jhunjhunu_27_142_west,0.7330727,0.0,1
Jaipur_27_183_northeast,0.46028784,0.0,0
Jaipur_27_183_southwest,0.44347903,0.0,0
Jaipur_28_205_southwest,0.11300589,0.0,0
Jhunjhunu_28_254_east,0.24984714,0.0,0
Jaipur_29_40_northwest,0.35181695,0.0,0
Jaipur_29_79_northwest,0.030284574,0.0,0
Pali_29_103_northeast,0.271315,0.0,0
Jaipur_29_137_center,0.2015493,0.0,0
Pali_29_222_south,0.10755153,0.0,0
Jhunjhunu_30_65_east,0.4776584,0.0,0
Jaipur_30_156_northeast,0.16119003,0.0,0
Jhunjhunu_31_13_north,0.5005059,0.0,1
Jaipur_31_99_center,0.14493068,0.0,0
Jaipur_31_157_center,0.1642195,0.0,0
Pali_32_101_south,0.058837473,0.0,0
Jaipur_32_118_center,0.054762337,0.0,0
Jhunjhunu_32_123_south,0.72333306,1.0,1
Pali_33_28_northeast,0.053130306,0.0,0
Jaipur_33_33_northeast,0.06847317,0.0,0
Jaipur_33_209_southeast,0.12889817,0.0,0
Jhunjhunu_34_7_southwest,0.523895,0.0,1
Jaipur_34_20_southwest,0.031150298,0.0,0
Jhunjhunu_34_52_southwest,0.6721499,0.0,1
Jhunjhunu_34_62_east,0.5772513,0.0,1
Jhunjhunu_34_138_west,0.52969426,1.0,1
Jhunjhunu_34_206_southeast,0.7835077,0.0,1
Jhunjhunu_35_66_center,0.80068237,0.0,1
Jhunjhunu_35_78_center,0.37202668,0.0,0
Jhunjhunu_35_78_northeast,0.7488258,1.0,1
Jaipur_35_158_north,0.1562855,0.0,0
Jhunjhunu_36_18_southeast,0.80338305,0.0,1
Jaipur_36_46_center,0.28976765,0.0,0
Alwar_37_26_east,0.16241866,0.0,0
Jaipur_37_40_southeast,0.16229042,0.0,0
Jaipur_37_41_north,0.5383012,0.0,1
Jaipur_37_83_west,0.3245555,0.0,0
Jhunjhunu_37_89_center,0.47348538,1.0,0
Pali_37_143_west,0.08557267,0.0,0
Jhunjhunu_37_192_southeast,0.6594006,0.0,1
Jhunjhunu_38_21_west,0.6001252,1.0,1
Sikar_38_29_southeast,0.54578733,0.0,1
Jaipur_38_38_center,0.16119003,0.0,0
Sikar_38_60_northeast,0.5320769,0.0,1
Jaipur_38_168_south,0.004414405,0.0,0
Jaipur_39_12_southeast,0.2227703,0.0,0
Jaipur_39_31_southeast,0.14327078,0.0,0
Jaipur_40_21_north,0.1252961,0.0,0
Jhunjhunu_40_24_southeast,0.5102296,0.0,1
Jhunjhunu_41_66_west,0.5670465,1.0,1
Jhunjhunu_41_109_southeast,0.69336796,0.0,1
Jaipur_41_157_northwest,0.14351183,1.0,0
Jaipur_42_157_center,0.23398101,0.0,0
Jaipur_43_32_north,0.21592766,0.0,0
Jaipur_43_32_northeast,0.25032917,0.0,0
Jaipur_43_149_south,0.05051691,0.0,0
Pali_44_131_east,0.051416427,0.0,0
Sikar_45_60_northeast,0.51529765,0.0,1
Jhunjhunu_45_71_center,0.483985,1.0,0
Jhunjhunu_45_107_southeast,0.5600434,0.0,1
Sikar_45_130_southeast,0.49075404,0.0,0
Jhunjhunu_46_13_southwest,0.8224462,1.0,1
Jhunjhunu_46_22_north,0.58858794,0.0,1
Sikar_46_83_south,0.327265,0.0,0
Jaipur_47_3_west,0.18697509,0.0,0
Jaipur_47_33_north,0.1659562,0.0,0
Sikar_47_113_south,0.41769445,0.0,0
Jaipur_47_118_southeast,0.13131224,0.0,0
Jaipur_48_44_northwest,0.070897475,0.0,0
Jaipur_48_117_center,0.23392047,0.0,0
Jaipur_48_117_east,0.20984434,0.0,0
Sikar_48_148_southeast,0.3142691,0.0,0
Pali_49_52_northwest,0.12320146,0.0,0
Jhunjhunu_49_57_northwest,0.84660923,0.0,1
Jaipur_52_19_southwest,0.21442421,1.0,0
Jhunjhunu_52_82_northwest,0.6490236,1.0,1
Jaipur_53_34_northwest,0.13012312,0.0,0
Alwar_53_59_southeast,0.3832397,0.0,0
Jaipur_53_108_northeast,0.24156527,0.0,0
Sikar_54_27_center,0.36347753,0.0,0
Jaipur_54_33_northeast,0.2090206,0.0,0
Jhunjhunu_55_37_southeast,0.714407,1.0,1
Pali_57_128_east,0.20309669,0.0,0
Jhunjhunu_58_54_southeast,0.6470145,1.0,1
Jhunjhunu_58_119_south,0.6545439,0.0,1
Jhunjhunu_59_49_north,0.6929348,0.0,1
Jaipur_60_77_northwest,0.057929516,0.0,0
Jhunjhunu_63_28_east,0.3260209,0.0,0
Jaipur_63_27_east,0.0040827384,0.0,0
Jhunjhunu_64_6_north,0.7330727,0.0,1
Jaipur_64_57_northwest,0.11286626,0.0,0
Jaipur_65_21_east,0.20137513,0.0,0
Pali_66_16_center,0.20088112,0.0,0
Jaipur_66_67_south,0.21979159,0.0,0
Jaipur_66_105_center,0.30133945,0.0,0
Jaipur_67_46_center,0.029703103,0.0,0
Jaipur_67_46_center,0.029703103,0.0,0
Jhunjhunu_68_68_southeast,0.483985,0.0,0
Jhunjhunu_68_78_northeast,0.6945558,1.0,1
Jhunjhunu_68_78_southwest,0.61770666,1.0,1
Jaipur_70_59_northwest,0.1958128,0.0,0
Jaipur_71_4_north,0.05304519,0.0,0
Jhunjhunu_72_1_southwest,0.77485234,0.0,1
Sikar_74_73_northwest,0.44249147,0.0,0
Jaipur_74_80_center,0.05821245,0.0,0
Jaipur_74_87_southwest,0.21687208,0.0,0
Alwar_75_14_center,0.29251707,0.0,0
Jaipur_77_69_east,0.47915035,0.0,0
Sikar_79_38_east,0.3646356,0.0,0
Pali_82_11_southwest,0.19939008,0.0,0
Jaipur_86_31_west,0.15700345,0.0,0
Jhunjhunu_88_29_northwest,0.83988,0.0,1
Jaipur_91_49_southwest,0.4209737,0.0,0
Jaipur_94_46_southwest,0.17880186,0.0,0
Jaipur_94_46_northwest,0.1838911,0.0,0
Jhunjhunu_95_41_north,0.6763643,0.0,1
Jhunjhunu_97_46_center,0.58683974,0.0,1
Jaipur_102_39_north,0.31968454,0.0,0
Jhunjhunu_102_29_southeast,0.5181218,0.0,1
Sikar_109_12_southwest,0.613763,0.0,1
Sikar_110_28_northwest,0.53288287,0.0,1
Sikar_111_40_northeast,0.34080037,0.0,0
Sikar_115_24_west,0.4577681,0.0,0
Jaipur_121_22_west,0.21377513,0.0,0
Jaipur_124_12_southeast,0.007102492,0.0,0
Jhunjhunu_124_9_south,0.6596308,0.0,1
Jhunjhunu_125_29_south,0.8177167,0.0,1
Jaipur_126_16_center,0.2724806,0.0,0
Jaipur_126_16_northwest,0.17012274,0.0,0
Jaipur_127_26_northeast,0.28928748,0.0,0
Jaipur_127_26_southwest,0.31291407,0.0,0
Jaipur_129_9_southwest,0.28427663,0.0,0
Jaipur_129_9_northwest,0.22851315,0.0,0
Jaipur_129_1_center,0.062124703,0.0,0
Sikar_129_27_southwest,0.30324587,0.0,0
Sikar_131_6_north,0.603245,0.0,1
Sikar_134_3_southeast,0.35405457,0.0,0
Jaipur_137_1_north,0.0705606,0.0,0
Jaipur_137_1_northeast,0.0526781,0.0,0
Jhunjhunu_139_10_west,0.5304659,1.0,1
Sikar_139_12_northeast,0.42340773,0.0,0
Sikar_140_7_east,0.44087842,0.0,0
Jhunjhunu_143_5_west,0.6876755,0.0,1
Jaipur_152_11_center,0.57496977,1.0,1
Jaipur_155_18_north,0.07247883,0.0,0
Sikar_156_5_east,0.33762473,0.0,0
Sikar_156_11_northwest,0.36612192,0.0,0
Sikar_164_11_southwest,0.38978687,0.0,0
Sikar_165_10_north,0.41229895,0.0,0
Jaipur_169_18_southeast,0.19543967,0.0,0
Jaipur_173_1_southeast,0.2366454,0.0,0
Sikar_177_1_east,0.29384926,0.0,0
Sikar_182_3_west,0.47604457,1.0,0
Sikar_183_19_east,0.50158197,0.0,1
Sikar_183_19_northwest,0.43508625,1.0,0
Jhunjhunu_184_11_south,0.619001,0.0,1
Kotputli-Behror_0_0_center,0.47051316,0.0,0
Dausa_0_22_east,0.15777956,0.0,0
Pali_0_65_northwest,0.18569984,0.0,0
Phalodi_0_69_west,0.4654809,1.0,0
Karauli_0_319_south,0.4144005,0.0,0
Karauli_0_319_northwest,0.44267341,0.0,0
Pali_0_364_northeast,0.20795482,0.0,0
Dausa_0_375_south,0.078172505,0.0,0
Bundi_0_393_southwest,0.42220008,0.0,0
Alwar_0_455_west,0.31156114,0.0,0
Jalore_0_467_east,0.31406486,0.0,0
Jalore_0_467_northwest,0.57826036,1.0,1
Dausa_0_505_south,0.32374644,0.0,0
Pali_0_525_west,0.1420279,0.0,0
Jalore_0_537_south,0.3702672,0.0,0
Jalore_0_537_west,0.60723674,0.0,1
Jalore_0_601_northwest,0.2601485,0.0,0
Bharatpur_0_642_southeast,0.28365794,0.0,0
Pratapgarh_0_664_northeast,0.078501396,0.0,0
Churu_0_692_northwest,0.7719829,1.0,1
Jalore_0_737_east,0.5114656,0.0,1
Dausa_0_759_east,0.1634074,0.0,0
Churu_0_767_northwest,0.71106637,1.0,1
Karauli_0_783_west,0.27452964,0.0,0
Pratapgarh_0_795_southwest,0.076768346,0.0,0
Chittorgarh_0_875_east,0.18927932,0.0,0
Nagaur_0_886_northwest,0.70120656,0.0,1
Pali_0_893_center,0.3182864,0.0,0
Kotputli-Behror_0_911_north,0.50348777,0.0,1
Deeg_0_933_southwest,0.6244027,0.0,1
Kotputli-Behror_0_941_north,0.4913749,0.0,0
Dausa_0_998_northwest,0.27809003,0.0,0
Bharatpur_0_1076_west,0.23169899,0.0,0
Nagaur_0_1100_northeast,0.53392786,0.0,1
Bharatpur_1_17_north,0.30799663,0.0,0
Alwar_1_33_center,0.42143932,0.0,0
Pali_1_52_south,0.28742436,0.0,0
Kotputli-Behror_1_53_west,0.43017206,0.0,0
Chittorgarh_1_109_south,0.19054984,0.0,0
Tonk_1_152_south,0.2723567,0.0,0
Dausa_1_159_northwest,0.28495675,0.0,0
Pratapgarh_1_259_north,0.1477291,0.0,0
Pratapgarh_1_268_south,0.04611979,0.0,0
Jalore_1_295_center,0.06974315,0.0,0
Jalore_1_295_east,0.102179445,0.0,0
Jalore_1_295_southeast,0.223258,0.0,0
Chittorgarh_1_347_south,0.13384965,0.0,0
Bundi_1_374_northwest,0.4148295,1.0,0
Phalodi_1_410_north,0.56728417,0.0,1
Nagaur_1_411_east,0.486778,1.0,0
Deeg_1_438_south,0.4519208,0.0,0
Nagaur_1_630_southeast,0.3018567,0.0,0
Jalore_1_633_northeast,0.40096018,0.0,0
Karauli_1_648_center,0.29730657,0.0,0
Karauli_1_663_northeast,0.23599993,0.0,0
Pali_1_714_center,0.34888685,0.0,0
Bhilwara_1_762_north,0.17544955,0.0,0
Hanumangarh_1_781_south,0.33999136,1.0,0
Karauli_1_849_south,0.38420206,0.0,0
Nagaur_1_894_southeast,0.61627465,0.0,1
Jalore_1_921_southeast,0.68783,1.0,1
Bharatpur_1_996_northwest,0.2751155,0.0,0
Karauli_1_1029_east,0.4387787,0.0,0
Nagaur_1_1050_southeast,0.8394504,0.0,1
Jaipur_1_1055_northwest,0.24597166,0.0,0
Jaipur_1_1096_east,0.3115955,0.0,0
Deeg_1_1147_center,0.5917027,1.0,1
Bundi_1_1153_north,0.23440556,0.0,0
Dausa_2_17_southeast,0.3589314,0.0,0
Kota_2_32_east,0.16104999,0.0,0
Tonk_2_51_southeast,0.047109827,0.0,0
Deeg_2_116_south,0.5677412,0.0,1
Karauli_2_131_west,0.26221722,0.0,0
Pratapgarh_2_146_west,0.061575193,0.0,0
Pratapgarh_2_189_east,0.17034392,0.0,0
Pratapgarh_2_205_center,0.17453718,0.0,0
Bundi_2_245_center,0.07734135,0.0,0
Pratapgarh_2_280_northeast,0.11887978,0.0,0
Deeg_2_298_west,0.6220811,1.0,1
Chittorgarh_2_317_northeast,0.15708978,1.0,0
Dausa_2_500_northeast,0.38400045,0.0,0
Pali_2_554_southwest,0.1416204,0.0,0
Bikaner_2_636_southwest,0.6380092,0.0,1
Jalore_2_643_west,0.35674533,0.0,0
Bundi_2_674_west,0.36808917,0.0,0
Chittorgarh_2_724_northeast,0.6396173,0.0,1
Karauli_2_795_east,0.24787842,0.0,0
Phalodi_2_837_north,0.44483393,0.0,0
Phalodi_2_837_southwest,0.2449442,0.0,0
Pratapgarh_2_902_north,0.10887619,0.0,0
Bundi_2_939_northwest,0.085044414,0.0,0
Phalodi_2_962_southwest,0.6236403,0.0,1
Jaipur_2_965_north,0.19714712,0.0,0
Pratapgarh_2_974_west,0.13946521,0.0,0
Nagaur_2_997_northeast,0.6801155,0.0,1
Jalore_2_1062_north,0.3667401,0.0,0
Chittorgarh_3_50_north,0.20215048,0.0,0
Kota_3_63_southeast,0.032129068,0.0,0
Nagaur_3_129_north,0.36953855,0.0,0
Jalore_3_134_center,0.32361498,0.0,0
Jalore_3_134_northwest,0.26394027,0.0,0
Balotra_3_175_north,0.2535469,0.0,0
Balotra_3_175_east,0.15638618,0.0,0
Kotputli-Behror_3_208_north,0.36728632,0.0,0
Pali_3_274_north,0.07228344,0.0,0
Bhilwara_3_335_southeast,0.018139593,0.0,0
Dausa_3_354_south,0.25813964,0.0,0
Kotputli-Behror_3_357_east,0.6239166,0.0,1
Pali_3_424_east,0.2837158,0.0,0
Dausa_3_434_center,0.28815654,0.0,0
Pratapgarh_3_471_northeast,0.022585718,0.0,0
Deeg_3_488_south,0.2700003,0.0,0
Kota_3_491_southeast,0.042278208,0.0,0
Churu_3_510_west,0.71176285,1.0,1
Bikaner_3_541_west,0.6025703,0.0,1
Pratapgarh_3_557_north,0.176139,0.0,0
Nagaur_3_647_northwest,0.73441887,0.0,1
Pali_3_649_west,0.29137525,0.0,0
Balotra_3_662_northeast,0.404722,0.0,0
Kotputli-Behror_3_678_center,0.43130127,0.0,0
Alwar_3_700_north,0.48562858,0.0,0
Pali_3_788_south,0.23986715,0.0,0
Pratapgarh_3_820_northeast,0.059881583,0.0,0
Dausa_3_931_southwest,0.30871484,0.0,0
Deeg_3_965_south,0.73407704,0.0,1
Kotputli-Behror_3_1014_northwest,0.6428775,0.0,1
Jaipur_4_1_north,0.2863654,0.0,0
Pali_4_54_center,0.18463457,0.0,0
Deeg_4_60_north,0.69827837,0.0,1
Kotputli-Behror_4_107_west,0.48238447,0.0,0
Jalore_4_136_west,0.31879997,0.0,0
Pali_4_142_south,0.31498027,0.0,0
Balotra_4_170_northwest,0.20279807,1.0,0
Jalore_4_187_northwest,0.14803097,0.0,0
Balotra_4_223_southeast,0.59352994,0.0,1
Bundi_4_283_north,0.14628088,0.0,0
Tonk_4_338_northeast,0.12272359,0.0,0
Nagaur_4_356_east,0.3931365,0.0,0
Bhilwara_4_422_west,0.15598819,0.0,0
Alwar_4_444_northwest,0.49373484,0.0,0
Nagaur_4_476_center,0.3808129,0.0,0
Bundi_4_557_west,0.1962535,0.0,0
Bundi_4_557_northwest,0.18358995,0.0,0
Bundi_4_565_northeast,0.028323278,0.0,0
Balotra_4_620_south,0.25451267,0.0,0
Pratapgarh_4_629_east,0.059412528,0.0,0
Chittorgarh_4_640_northeast,0.34282818,0.0,0
Tonk_4_677_east,0.18987057,0.0,0
Karauli_4_761_southeast,0.5381903,0.0,1
Dausa_4_764_east,0.21189438,0.0,0
Pratapgarh_4_777_north,0.06335137,0.0,0
Kotputli-Behror_4_784_northeast,0.6243278,0.0,1
Jalore_4_782_northeast,0.23464443,0.0,0
Jaipur_4_793_north,0.23401484,0.0,0
Bundi_4_861_southwest,0.15754761,0.0,0
Sawai_Madhopur_4_869_south,0.3541564,0.0,0
Karauli_4_920_east,0.30220234,0.0,0
Dausa_4_927_southeast,0.4399826,0.0,0
Chittorgarh_4_1002_north,0.30094433,0.0,0
Chittorgarh_4_1002_west,0.32541677,0.0,0
Dausa_4_1006_south,0.38600728,1.0,0
Pratapgarh_5_0_west,0.18648502,0.0,0
Chittorgarh_5_52_northwest,0.044339556,0.0,0
Nagaur_5_174_east,0.65611887,0.0,1
Balotra_5_191_northwest,0.3862824,0.0,0
Karauli_5_215_northeast,0.07201151,0.0,0
Bhilwara_5_221_southwest,0.09669147,0.0,0
Churu_5_251_northeast,0.6950251,1.0,1
Bhilwara_5_326_center,0.25806844,0.0,0
Jalore_5_338_northwest,0.14954369,0.0,0
Alwar_5_518_west,0.54758245,0.0,1
Nagaur_5_611_north,0.5291942,0.0,1
Bhilwara_5_637_center,0.046900377,0.0,0
Balotra_5_714_southeast,0.31433806,0.0,0
Bharatpur_5_721_north,0.16331637,0.0,0
Bundi_5_745_southeast,0.026196677,0.0,0
Bundi_5_779_center,0.067707546,0.0,0
Deeg_5_792_west,0.23232277,0.0,0
Phalodi_5_844_northeast,0.5946376,0.0,1
Deeg_5_873_northwest,0.52908355,0.0,1
Bundi_5_926_south,0.12209868,0.0,0
Karauli_5_968_west,0.4413872,0.0,0
Deeg_5_973_northwest,0.3277344,0.0,0
Udaipur_6_28_north,0.39764246,0.0,0
Bundi_6_118_southeast,0.51886874,0.0,1
Pratapgarh_6_167_south,0.056903206,0.0,0
Pali_6_196_southwest,0.25389037,0.0,0
Jaipur_6_228_northeast,0.13699563,0.0,0
Jaipur_6_279_center,0.34215167,0.0,0
Alwar_6_281_east,0.45631832,0.0,0
Jaipur_6_330_northwest,0.19147228,0.0,0
Hanumangarh_6_455_southwest,0.44981188,0.0,0
Pratapgarh_6_477_northwest,0.18831645,0.0,0
Jalore_6_503_southwest,0.39492044,0.0,0
Pratapgarh_6_514_west,0.030484803,0.0,0
Deeg_6_524_north,0.5783091,0.0,1
Deeg_6_549_northeast,0.4335681,0.0,0
Jaipur_6_605_west,0.22573498,0.0,0
Bundi_6_619_northeast,0.24916683,0.0,0
Pali_6_625_southwest,0.14145818,0.0,0
Jalore_6_685_east,0.29528946,0.0,0
Karauli_6_693_west,0.3812977,0.0,0
Bhilwara_6_704_southwest,0.16717154,0.0,0
Karauli_6_712_center,0.47147375,0.0,0
Karauli_6_712_northeast,0.25847003,0.0,0
Kotputli-Behror_6_753_west,0.38941896,0.0,0
Bhilwara_6_775_southwest,0.22638126,0.0,0
Kota_6_795_south,0.07417566,0.0,0
Jodhpur_6_813_northwest,0.19092436,0.0,0
Jalore_6_831_northeast,0.5736406,0.0,1
Pratapgarh_6_867_northeast,0.04963876,0.0,0
Pratapgarh_6_867_east,0.056614645,1.0,0
Bhilwara_6_870_east,0.1986347,0.0,0
Jaipur_6_900_west,0.345285,0.0,0
Bhilwara_6_902_west,0.1987671,0.0,0
Bundi_6_936_center,0.16346872,0.0,0
Deeg_7_34_southwest,0.7018638,0.0,1
Dausa_7_66_southwest,0.5210019,0.0,1
Pali_7_91_north,0.41568896,0.0,0
Karauli_7_117_center,0.23105077,0.0,0
Jalore_7_121_south,0.43146473,0.0,0
Karauli_7_197_south,0.3794858,0.0,0
Dausa_7_236_southwest,0.25269526,0.0,0
Bikaner_7_256_southwest,0.73549324,0.0,1
Churu_7_279_north,0.5091206,0.0,1
Pratapgarh_7_291_center,0.08671152,0.0,0
Pratapgarh_7_307_west,0.25330424,0.0,0
Balotra_7_356_southeast,0.8224722,1.0,1
Dausa_7_415_northeast,0.27715296,0.0,0
Bundi_7_426_north,0.43726322,0.0,0
Pratapgarh_7_504_northeast,0.07233246,0.0,0
Churu_7_529_center,0.5351246,0.0,1
Deeg_7_552_north,0.32911655,0.0,0
Bundi_7_575_east,0.21905303,0.0,0
Jaipur_7_618_south,0.4044517,0.0,0
Nagaur_7_620_center,0.72812295,0.0,1
Tonk_7_660_northeast,0.20446225,0.0,0
Dausa_7_792_center,0.55979645,0.0,1
Kota_7_816_northwest,0.021024201,0.0,0
Alwar_7_837_southwest,0.50515133,0.0,1
Deeg_7_977_center,0.32917702,0.0,0
Pratapgarh_7_1003_center,0.1623738,0.0,0
Dausa_8_8_center,0.43262365,0.0,0
Dausa_8_21_southwest,0.2514255,0.0,0
Karauli_8_26_east,0.34912834,0.0,0
Churu_8_138_south,0.62586457,0.0,1
Bhilwara_8_151_south,0.15440504,0.0,0
Kota_8_155_west,0.5136647,0.0,1
Deeg_8_199_south,0.5609851,0.0,1
Deeg_8_199_northwest,0.46669742,1.0,0
Bhilwara_8_271_east,0.15559787,0.0,0
Deeg_8_311_north,0.5631291,0.0,1
Pratapgarh_8_342_center,0.040563818,0.0,0
Kota_8_349_center,0.09937936,0.0,0
Alwar_8_411_north,0.33272213,1.0,0
Jaipur_8_421_north,0.3151086,0.0,0
Jaipur_8_421_south,0.17297596,0.0,0
Deeg_8_435_east,0.2709009,0.0,0
Bhilwara_8_450_northeast,0.08120998,0.0,0
Bhilwara_8_450_southwest,0.22416304,0.0,0
Jalore_8_469_center,0.31505942,0.0,0
Bikaner_8_506_west,0.7711772,0.0,1
Balotra_8_641_west,0.76081693,0.0,1
Alwar_8_676_east,0.36640975,0.0,0
Balotra_8_699_east,0.7139222,1.0,1
Bundi_8_703_west,0.3835012,1.0,0
Bundi_8_714_northeast,0.3802703,1.0,0
Jaipur_8_733_south,0.19329281,0.0,0
Bundi_8_765_southeast,0.03996044,0.0,0
Jalore_8_774_west,0.26487696,0.0,0
Bhilwara_8_782_west,0.13242236,0.0,0
Jaipur_8_792_center,0.30776954,0.0,0
Jalore_8_878_southeast,0.43458837,0.0,0
Pali_9_40_south,0.25183147,0.0,0
Tonk_9_136_east,0.077336654,0.0,0
Bhilwara_9_135_west,0.38845018,0.0,0
Pratapgarh_9_152_north,0.10618174,0.0,0
Pali_9_190_south,0.55792665,0.0,1
Karauli_9_208_southwest,0.57219005,0.0,1
Hanumangarh_9_234_west,0.53186226,0.0,1
Jalore_9_236_east,0.11780471,0.0,0
Tonk_9_253_northeast,0.5398953,0.0,1
Nagaur_9_310_center,0.55942315,0.0,1
Churu_9_415_west,0.7787897,0.0,1
Pratapgarh_9_494_center,0.27777714,0.0,0
Pali_9_492_southeast,0.2698643,0.0,0
Pali_9_492_southwest,0.21646675,0.0,0
Bhilwara_9_519_center,0.17741767,0.0,0
Pratapgarh_9_601_north,0.13731427,0.0,0
Pratapgarh_9_666_north,0.13286139,0.0,0
Karauli_9_753_northeast,0.23104459,0.0,0
Pali_9_771_northwest,0.17700623,1.0,0
Karauli_9_773_west,0.42304194,0.0,0
Pali_9_825_southwest,0.13997428,0.0,0
Nagaur_9_915_southwest,0.46591824,0.0,0
Pali_10_75_southwest,0.28088573,0.0,0
Tonk_10_247_northwest,0.088736005,0.0,0
Bhilwara_10_277_east,0.49335235,0.0,0
Nagaur_10_307_north,0.47751293,0.0,0
Bundi_10_340_west,0.11296059,0.0,0
Bundi_10_344_southwest,0.13502112,0.0,0
Pali_10_406_center,0.33490077,0.0,0
Jaipur_10_453_southeast,0.24225308,0.0,0
Nagaur_10_516_center,0.44757906,0.0,0
Kota_10_552_north,0.07585828,0.0,0
Udaipur_10_620_southeast,0.36096004,0.0,0
Pali_10_752_north,0.17002058,0.0,0
Pali_10_752_east,0.13988109,0.0,0
Jaipur_10_783_southeast,0.24229448,0.0,0
Bikaner_10_848_southwest,0.50184786,1.0,1
Kota_11_8_center,0.011239022,0.0,0
Pali_11_11_north,0.20479518,0.0,0
Pali_11_11_south,0.21043184,0.0,0
Bhilwara_11_12_southeast,0.2862798,0.0,0
Phalodi_11_40_west,0.28584146,0.0,0
Pali_11_51_center,0.074436896,0.0,0
Pali_11_51_north,0.28436735,0.0,0
Pali_11_51_north,0.28436735,0.0,0
Pali_11_68_east,0.12358317,0.0,0
Pali_11_68_west,0.07220998,0.0,0
Chittorgarh_11_76_northwest,0.2707624,0.0,0
Bhilwara_11_208_east,0.026392685,0.0,0
Pali_11_227_northwest,0.12684688,0.0,0
Bundi_11_304_northeast,0.30426413,0.0,0
Jalore_11_369_center,0.5025615,0.0,1
Jaipur_11_429_north,0.21050484,0.0,0
Jaipur_11_457_northwest,0.49783918,0.0,0
Dausa_11_473_southwest,0.24171531,0.0,0
Bharatpur_11_559_south,0.36652404,0.0,0
Bhilwara_11_568_center,0.6732262,0.0,1
Pali_11_574_northeast,0.34290034,0.0,0
Pali_11_718_south,0.1908243,0.0,0
Pali_11_718_southwest,0.27782378,0.0,0
Udaipur_11_751_southeast,0.33757946,0.0,0
Nagaur_12_1_northwest,0.3018567,0.0,0
Dausa_12_27_northwest,0.21957289,0.0,0
Tonk_12_32_west,0.02564727,0.0,0
Dausa_12_68_southeast,0.2713562,0.0,0
Pali_12_73_east,0.16881849,0.0,0
Jalore_12_115_northeast,0.3095389,0.0,0
Bhilwara_12_152_north,0.69304246,1.0,1
Churu_12_156_center,0.80359644,1.0,1
Bhilwara_12_154_northwest,0.15931483,0.0,0
Pali_12_199_west,0.13543962,0.0,0
Bundi_12_224_west,0.4620621,0.0,0
Barmer_12_286_north,0.6645841,1.0,1
Pali_12_311_southeast,0.22342552,0.0,0
Alwar_12_315_south,0.612798,1.0,1
Kota_12_339_east,0.13370723,1.0,0
Alwar_12_388_southwest,0.49561283,0.0,0
Jaipur_12_400_west,0.4919831,0.0,0
Nagaur_12_430_northeast,0.32327205,0.0,0
Chittorgarh_12_439_east,0.3545888,0.0,0
Dausa_12_448_center,0.4907866,0.0,0
Pali_12_532_northwest,0.17694831,0.0,0
Bundi_12_712_west,0.03788828,0.0,0
Pali_12_722_west,0.2912835,0.0,0
Nagaur_12_723_south,0.6407431,0.0,1
Alwar_13_39_center,0.5202524,1.0,1
Kota_13_143_south,0.19284436,0.0,0
Bhilwara_13_195_northeast,0.5058476,0.0,1
Pali_13_231_west,0.12244244,0.0,0
Pali_13_300_southeast,0.23678508,0.0,0
Kotputli-Behror_13_307_center,0.5506808,0.0,1
Balotra_13_326_southwest,0.756172,1.0,1
Jaipur_13_376_east,0.35800436,0.0,0
Nagaur_13_451_north,0.6166595,1.0,1
Alwar_13_562_center,0.39947456,0.0,0
Jaipur_13_572_center,0.26606122,0.0,0
Bhilwara_13_619_northwest,0.03287711,0.0,0
Hanumangarh_13_682_northeast,0.41216967,0.0,0
Nagaur_14_2_southwest,0.60885656,0.0,1
Dausa_14_48_north,0.2746302,0.0,0
Jaipur_14_235_south,0.24030268,0.0,0
Alwar_14_436_center,0.612798,0.0,1
Pali_14_523_northeast,0.27910295,0.0,0
Kotputli-Behror_14_621_southeast,0.45634326,0.0,0
Pali_14_646_center,0.21487482,0.0,0
Jaipur_14_662_north,0.15844572,0.0,0
Pali_15_68_southwest,0.3835702,0.0,0
Pratapgarh_15_172_south,0.08294288,0.0,0
Kota_15_208_center,0.03163207,0.0,0
Udaipur_15_290_west,0.20608942,0.0,0
Pali_15_396_southeast,0.1680494,0.0,0
Chittorgarh_15_450_northeast,0.25892138,0.0,0
Pali_15_507_north,0.37137446,0.0,0
Pratapgarh_16_43_northeast,0.14284353,0.0,0
Pratapgarh_16_49_northeast,0.0459552,0.0,0
Bundi_16_121_northeast,0.17641243,0.0,0
Bhilwara_16_134_north,0.31420088,0.0,0
Pali_16_175_south,0.4596163,0.0,0
Pali_16_199_north,0.13325484,0.0,0
Chittorgarh_16_218_southeast,0.33219695,0.0,0
Nagaur_16_274_east,0.45717505,0.0,0
Bhilwara_16_290_south,0.26937106,0.0,0
Karauli_16_308_northwest,0.53981394,0.0,1
Pali_16_349_east,0.31906727,0.0,0
Pali_16_390_south,0.29576033,0.0,0
Tonk_16_465_west,0.07697171,0.0,0
Bhilwara_16_479_northwest,0.13122532,0.0,0
Bhilwara_16_487_center,0.37855902,0.0,0
Pali_16_576_center,0.1659788,0.0,0
Kota_17_133_southeast,0.11054117,0.0,0
Bharatpur_17_246_east,0.1409552,0.0,0
Kota_17_263_southwest,0.1332858,0.0,0
Pali_17_386_east,0.08933691,0.0,0
Pratapgarh_17_397_center,0.20109619,0.0,0
Jaipur_17_505_south,0.3406482,0.0,0
Pali_17_511_west,0.12201149,0.0,0
Pali_18_30_northwest,0.2865371,0.0,0
Pali_18_205_south,0.1828679,0.0,0
Tonk_18_294_south,0.17057608,0.0,0
Pali_18_300_northwest,0.1392893,0.0,0
Tonk_18_321_center,0.47441941,0.0,0
Tonk_18_357_south,0.13836984,0.0,0
Pali_18_363_south,0.30214468,0.0,0
Bhilwara_18_379_northeast,0.14936323,0.0,0
Jaipur_18_408_west,0.28300053,0.0,0
Hanumangarh_18_467_northwest,0.24095652,0.0,0
Pali_18_555_west,0.2220799,0.0,0
Pali_19_69_center,0.23344773,0.0,0
Kota_19_106_southwest,0.07985451,0.0,0
Bhilwara_19_119_center,0.19821438,0.0,0
Jaipur_19_140_north,0.23964845,0.0,0
Alwar_19_188_east,0.6367462,0.0,1
Pali_19_276_east,0.08494947,0.0,0
Bhilwara_19_284_south,0.16329136,0.0,0
Kota_19_323_southwest,0.08859485,0.0,0
Udaipur_19_349_north,0.20608942,0.0,0
Pali_19_374_center,0.36298612,0.0,0
Nagaur_19_394_southeast,0.61702824,1.0,1
Pali_19_395_southeast,0.0953869,0.0,0
Jaipur_19_442_west,0.24690387,0.0,0
Bhilwara_20_87_northeast,0.18783244,0.0,0
Pali_20_105_northeast,0.07925242,0.0,0
Bharatpur_20_162_northwest,0.38825226,0.0,0
Jaipur_20_271_northwest,0.29958004,0.0,0
Tonk_20_328_northeast,0.08097847,0.0,0
Tonk_20_328_northwest,0.09391574,0.0,0
Pali_20_383_south,0.2486872,0.0,0
Bikaner_20_408_west,0.69926363,1.0,1
Pali_20_424_south,0.26251328,0.0,0
Kota_20_464_west,0.016271956,0.0,0
Pali_21_3_northeast,0.24869801,0.0,0
Kota_21_82_southeast,0.03723948,0.0,0
Jaipur_21_124_northeast,0.36992085,0.0,0
Pali_21_324_west,0.32602632,0.0,0
Tonk_21_404_southeast,0.056844216,0.0,0
Tonk_21_404_west,0.0451723,0.0,0
Pali_21_442_northwest,0.32555878,0.0,0
Pali_22_181_east,0.12424241,0.0,0
Bhilwara_22_185_northwest,0.05853365,0.0,0
Jaipur_22_194_southwest,0.44149238,0.0,0
Jaipur_22_261_center,0.20874707,0.0,0
Kota_22_276_east,0.07739638,0.0,0
Pali_22_307_northwest,0.2001698,0.0,0
Bundi_22_365_southwest,0.22218785,0.0,0
Bundi_23_22_southeast,0.26598892,0.0,0
Pali_23_85_north,0.22193259,0.0,0
Pali_23_91_center,0.27682284,0.0,0
Chittorgarh_23_140_east,0.07945589,0.0,0
Chittorgarh_23_178_southwest,0.08411556,0.0,0
Pali_23_293_center,0.30917126,0.0,0
Bhilwara_23_338_west,0.21383907,0.0,0
Jaipur_23_363_northeast,0.096844755,0.0,0
Jalore_23_377_southeast,0.3586295,0.0,0
Nagaur_23_392_east,0.41350406,0.0,0
Nagaur_23_392_west,0.66638976,0.0,1
Bhilwara_24_52_north,0.28163514,0.0,0
Bikaner_24_66_north,0.67287415,1.0,1
Pali_24_249_south,0.1609338,0.0,0
Pratapgarh_24_267_northwest,0.035304368,0.0,0
Nagaur_24_299_northeast,0.47085065,0.0,0
Chittorgarh_24_332_northwest,0.41047475,0.0,0
Bundi_24_349_west,0.11144324,0.0,0
Jaipur_24_407_center,0.087764405,0.0,0
Jaipur_24_433_north,0.44486,0.0,0
Pali_25_117_northeast,0.08707742,0.0,0
Dausa_25_125_west,0.30028102,0.0,0
Bhilwara_25_218_northeast,0.3870729,0.0,0
Jaipur_25_251_center,0.23264319,0.0,0
Jaipur_25_286_west,0.34724256,0.0,0
Kota_25_297_southwest,0.0480625,0.0,0
Bundi_25_304_west,0.12662141,0.0,0
Bhilwara_25_365_northeast,0.17657118,0.0,0
Hanumangarh_25_368_south,0.5589947,0.0,1
Nagaur_25_376_north,0.43762875,0.0,0
Dausa_26_29_northwest,0.62729764,0.0,1
Pali_26_97_southeast,0.2580278,0.0,0
Pratapgarh_26_128_center,0.10131285,0.0,0
Sawai_Madhopur_26_143_north,0.14800961,0.0,0
Pali_26_168_south,0.2418222,0.0,0
Karauli_26_180_north,0.215517,0.0,0
Pratapgarh_26_192_center,0.17150442,0.0,0
Pali_26_339_south,0.2557812,0.0,0
Bhilwara_26_359_northeast,0.25638422,0.0,0
Bhilwara_27_14_south,0.49564797,1.0,0
Bundi_27_141_west,0.19532421,0.0,0
Pali_27_147_south,0.18120702,0.0,0
Bundi_27_167_southwest,0.35368752,0.0,0
Nagaur_27_260_north,0.5956914,1.0,1
Pali_27_333_center,0.25264442,0.0,0
Bhilwara_27_360_northeast,0.23009276,0.0,0
Bhilwara_27_360_east,0.32970405,0.0,0
Bhilwara_28_29_south,0.4469743,0.0,0
Chittorgarh_28_146_southwest,0.3842788,0.0,0
Pali_28_187_north,0.115719914,0.0,0
Alwar_28_279_north,0.5485673,0.0,1
Chittorgarh_28_287_west,0.19626157,0.0,0
Pali_28_331_southeast,0.23720959,0.0,0
Pali_28_350_southeast,0.31451595,0.0,0
Pali_29_12_east,0.14467472,0.0,0
Pali_29_68_west,0.088658035,0.0,0
Jaipur_29_87_east,0.096844755,0.0,0
Pali_29_88_northeast,0.19906327,0.0,0
Pratapgarh_29_145_center,0.10285587,0.0,0
Pali_30_34_south,0.15487617,0.0,0
Pali_30_109_east,0.19975713,0.0,0
Tonk_30_232_south,0.24075375,0.0,0
Nagaur_30_305_southeast,0.55927926,0.0,1
Kota_30_315_center,0.32632464,0.0,0
Chittorgarh_30_327_center,0.15312418,0.0,0
Tonk_31_70_southwest,0.17069745,0.0,0
Pali_31_141_northwest,0.33769074,0.0,0
Bundi_31_195_east,0.15393324,0.0,0
Pali_31_202_southwest,0.056027155,0.0,0
Pali_31_230_northeast,0.22124092,0.0,0
Bikaner_31_252_southeast,0.59320766,1.0,1
Pali_31_290_northwest,0.20817281,0.0,0
Jaipur_32_26_northwest,0.27957797,0.0,0
Kota_32_39_southeast,0.14062278,0.0,0
Bundi_32_114_east,0.16436183,0.0,0
Sawai_Madhopur_32_139_north,0.16328551,0.0,0
Alwar_32_245_north,0.62440634,0.0,1
Pali_32_301_southwest,0.17543317,0.0,0
Jaipur_32_303_southeast,0.12547584,0.0,0
Kota_33_30_east,0.1415164,0.0,0
Pali_33_188_west,0.13492493,0.0,0
Jaipur_33_208_east,0.015282504,0.0,0
Bhilwara_33_236_northwest,0.22102281,0.0,0
Chittorgarh_33_255_southwest,0.22700956,0.0,0
Chittorgarh_33_263_southeast,0.3842788,0.0,0
Bhilwara_34_56_north,0.19552019,0.0,0
Pali_34_116_south,0.13382488,0.0,0
Jaipur_34_224_south,0.24511915,0.0,0
Bhilwara_35_11_north,0.25743562,0.0,0
Pali_35_94_north,0.28761885,0.0,0
Bikaner_35_195_west,0.6925868,0.0,1
Hanumangarh_35_213_northwest,0.75107986,1.0,1
Chittorgarh_35_216_center,0.39346495,0.0,0
Pali_35_217_center,0.22541213,0.0,0
Bhilwara_35_238_northeast,0.2846586,0.0,0
Jaipur_36_70_west,0.2666362,0.0,0
Dausa_36_96_north,0.3808835,0.0,0
Bhilwara_36_115_center,0.20562221,0.0,0
Pratapgarh_37_27_center,0.07121397,0.0,0
Bhilwara_37_110_northeast,0.15615973,0.0,0
Alwar_37_142_northwest,0.3468257,0.0,0
Pali_37_181_center,0.29799268,0.0,0
Jaipur_38_108_north,0.3302008,0.0,0
Bhilwara_38_143_northeast,0.32366404,0.0,0
Jaipur_38_177_northeast,0.46316525,0.0,0
Bhilwara_38_185_southeast,0.34185603,0.0,0
Jaipur_38_190_south,0.30905277,0.0,0
Pali_39_4_southeast,0.2709342,0.0,0
Jaipur_39_37_west,0.11854567,0.0,0
Jaipur_39_55_west,0.29804856,0.0,0
Pali_39_141_northwest,0.43858737,0.0,0
Jaipur_39_157_east,0.53591335,0.0,1
Sawai_Madhopur_40_6_southeast,0.023728665,0.0,0
Alwar_40_65_center,0.23510195,0.0,0
Pali_40_92_center,0.23585182,0.0,0
Pali_40_188_north,0.04239719,0.0,0
Tonk_41_22_southwest,0.08067865,0.0,0
Pratapgarh_41_104_east,0.19188817,0.0,0
Pali_41_157_south,0.19230336,0.0,0
Pali_41_198_north,0.15768823,0.0,0
Jaipur_42_56_east,0.23004241,0.0,0
Pali_42_164_northwest,0.11298893,0.0,0
Alwar_43_19_south,0.5779876,0.0,1
Jaipur_43_165_north,0.2366574,0.0,0
Pali_44_23_southeast,0.24744561,0.0,0
Kotputli-Behror_44_41_southwest,0.61392874,1.0,1
Bhilwara_44_62_west,0.16221073,0.0,0
Bikaner_44_77_south,0.66193914,0.0,1
Jaipur_45_113_northwest,0.24876513,0.0,0
Tonk_45_133_northeast,0.10154645,0.0,0
Pali_46_1_southwest,0.15316834,0.0,0
Pali_46_9_north,0.23198979,0.0,0
Alwar_46_29_south,0.1808936,0.0,0
Pali_46_88_northwest,0.16580752,0.0,0
Pali_46_134_northeast,0.21707897,0.0,0
Pali_47_41_center,0.109490335,1.0,0
Pali_47_108_center,0.43858737,0.0,0
Udaipur_47_153_west,0.22791472,0.0,0
Pali_48_65_west,0.274341,0.0,0
Jaipur_49_6_southeast,0.13956666,0.0,0
Jodhpur_49_11_southwest,0.23070651,0.0,0
Jaipur_49_32_west,0.4436357,0.0,0
Jaipur_49_77_southeast,0.24229409,0.0,0
Jaipur_49_87_northeast,0.16230235,0.0,0
Jaipur_49_120_southwest,0.38251993,0.0,0
Jaipur_50_27_center,0.31794587,0.0,0
Udaipur_50_82_southwest,0.35943097,0.0,0
Tonk_50_90_west,0.19116856,0.0,0
Pali_50_115_southwest,0.17329715,0.0,0
Jaipur_50_121_southeast,0.28017017,0.0,0
Udaipur_51_7_center,0.46737015,0.0,0
Pali_51_11_southwest,0.21274982,0.0,0
Pali_51_17_southeast,0.32311696,0.0,0
Bundi_51_29_south,0.29733977,0.0,0
Pali_51_51_south,0.21939102,0.0,0
Tonk_52_9_north,0.08661345,0.0,0
Bikaner_52_41_south,0.727487,1.0,1
Jaipur_53_19_southeast,0.34134907,0.0,0
Bhilwara_53_39_northwest,0.07262986,0.0,0
Alwar_53_134_center,0.36731428,0.0,0
Pali_55_5_east,0.10359013,0.0,0
Bhilwara_56_53_southeast,0.23573512,0.0,0
Bikaner_57_11_south,0.49301288,1.0,0
Jaipur_57_36_north,0.1811042,0.0,0
Pali_57_93_west,0.34665784,0.0,0
Jaipur_57_98_southwest,0.07457631,0.0,0
Alwar_58_3_west,0.49082106,0.0,0
Bikaner_58_73_northwest,0.72408277,0.0,1
Bhilwara_60_65_south,0.12913248,0.0,0
Pali_61_23_west,0.096250735,0.0,0
Pali_61_25_southeast,0.08969765,0.0,0
Pali_61_28_east,0.21197951,0.0,0
Pali_61_49_southeast,0.18456072,1.0,0
Jaipur_62_31_southeast,0.16272114,0.0,0
Bikaner_63_71_east,0.70351577,0.0,1
Bikaner_64_34_north,0.31914973,0.0,0
Alwar_64_71_center,0.50304323,0.0,1
Alwar_65_31_northeast,0.43250299,0.0,0
Bhilwara_65_62_northeast,0.3747576,0.0,0
Pali_65_75_east,0.42399806,0.0,0
Jaipur_66_67_east,0.16618598,0.0,0
Pali_66_93_northeast,0.22172672,0.0,0
Pali_67_36_northeast,0.24402243,0.0,0
Pali_67_59_northwest,0.16916135,0.0,0
Jaipur_68_16_east,0.14023203,0.0,0
Pali_69_62_east,0.2942585,0.0,0
Chittorgarh_70_12_west,0.53430104,0.0,1
Chittorgarh_70_12_northwest,0.41863483,0.0,0
Alwar_71_23_east,0.37253913,0.0,0
Udaipur_73_13_west,0.32133582,0.0,0
Jaipur_73_14_northwest,0.25993666,0.0,0
Pali_74_39_east,0.19541314,0.0,0
Barmer_0_56_north,0.30693522,0.0,0
Sikar_0_86_center,0.38057154,0.0,0
Sikar_0_86_east,0.46679008,0.0,0
Barmer_0_204_east,0.33867276,0.0,0
Barmer_0_284_east,0.2449688,0.0,0
Sikar_0_316_southwest,0.6080689,0.0,1
Sikar_0_312_southwest,0.40576872,0.0,0
Sikar_0_333_north,0.45667925,0.0,0
Sikar_0_345_northwest,0.69762105,0.0,1
Sikar_1_18_south,0.40404972,0.0,0
Sikar_1_55_east,0.632423,0.0,1
Sikar_1_65_southeast,0.37961048,0.0,0
Sikar_1_137_west,0.48422995,1.0,0
Sikar_1_197_center,0.62776256,1.0,1
Sikar_1_203_south,0.26736212,0.0,0
Sikar_1_209_west,0.5754776,0.0,1
Sikar_1_254_south,0.55439466,0.0,1
Barmer_1_286_southwest,0.20916727,0.0,0
Sikar_1_316_north,0.6907108,1.0,1
Sikar_1_316_west,0.6204552,0.0,1
Barmer_2_64_east,0.2744663,0.0,0
Sikar_3_22_west,0.2725637,0.0,0
Sikar_3_134_center,0.5232136,0.0,1
Sikar_3_150_southwest,0.68263775,0.0,1
Sikar_3_155_south,0.54160666,0.0,1
Sikar_3_187_northeast,0.63850534,1.0,1
Sikar_3_202_center,0.3774223,0.0,0
Sikar_3_269_northeast,0.64810616,0.0,1
Sikar_3_288_northwest,0.42826805,0.0,0
Sikar_3_321_southwest,0.2659673,0.0,0
Sikar_4_8_west,0.5430599,1.0,1
Barmer_4_20_west,0.18724532,0.0,0
Sikar_4_27_northwest,0.43694526,0.0,0
Sikar_4_40_southwest,0.45373642,0.0,0
Sikar_4_43_south,0.40462634,0.0,0
Sikar_4_51_east,0.43818957,0.0,0
Sikar_4_89_center,0.5134492,0.0,1
Sikar_4_97_southwest,0.33936185,0.0,0
Sikar_4_181_west,0.5103275,0.0,1
Sikar_4_253_west,0.504033,0.0,1
Sikar_4_273_west,0.57781917,0.0,1
Sikar_4_314_northeast,0.5789863,1.0,1
Sikar_4_324_southeast,0.523585,0.0,1
Sikar_5_21_west,0.13589086,0.0,0
Sikar_5_53_north,0.52901065,0.0,1
Barmer_5_66_north,0.5472344,1.0,1
Sikar_5_88_center,0.60026765,1.0,1
Sikar_5_135_north,0.6921754,0.0,1
Sikar_5_153_southwest,0.4350736,0.0,0
Sikar_5_158_east,0.5481352,0.0,1
Sikar_5_170_west,0.5108887,0.0,1
Sikar_5_212_north,0.47950006,0.0,0
Sikar_5_212_west,0.4531847,0.0,0
Sikar_5_245_east,0.37347156,0.0,0
Sikar_5_259_center,0.5234063,0.0,1
Sikar_5_261_center,0.41861582,0.0,0
Barmer_5_289_south,0.32183242,0.0,0
Sikar_5_296_southeast,0.2503106,0.0,0
Sikar_6_7_south,0.39296898,0.0,0
Sikar_6_76_southwest,0.3393405,0.0,0
Sikar_6_151_southwest,0.26897216,0.0,0
Sikar_6_175_northwest,0.6318424,0.0,1
Sikar_6_231_south,0.41096473,0.0,0
Sikar_6_267_south,0.35341802,0.0,0
Sikar_7_100_east,0.3141615,0.0,0
Sikar_7_100_northwest,0.12404548,0.0,0
Sikar_7_106_center,0.7307145,0.0,1
Sikar_7_113_south,0.4595278,0.0,0
Sikar_7_177_east,0.42207614,1.0,0
Sikar_7_185_southeast,0.2995614,0.0,0
Barmer_7_223_northeast,0.3961941,0.0,0
Sikar_7_234_center,0.5309045,0.0,1
Sikar_8_18_east,0.47259384,0.0,0
Sikar_8_54_north,0.39370576,0.0,0
Sikar_8_122_west,0.5414651,1.0,1
Sikar_8_179_east,0.3092653,0.0,0
Sikar_8_201_northeast,0.53578055,0.0,1
Sikar_9_52_southeast,0.27090853,0.0,0
Sikar_9_95_east,0.5310079,1.0,1
Sikar_9_111_west,0.5808068,1.0,1
Sikar_9_112_south,0.5462876,0.0,1
Sikar_9_144_east,0.50581306,0.0,1
Sikar_9_169_north,0.43809775,0.0,0
Sikar_9_169_southeast,0.5584538,0.0,1
Sikar_10_28_northwest,0.42111298,0.0,0
Sikar_10_166_center,0.47168466,0.0,0
Sikar_10_166_northwest,0.3330874,0.0,0
Sikar_11_29_west,0.3022798,0.0,0
Sikar_11_81_northeast,0.64963114,1.0,1
Sikar_11_138_south,0.7084832,0.0,1
Sikar_11_181_south,0.7053086,0.0,1
Sikar_12_33_northwest,0.37234265,0.0,0
Sikar_12_57_northwest,0.5638676,1.0,1
Sikar_12_92_south,0.56163317,0.0,1
Sikar_12_170_southeast,0.53899026,0.0,1
Sikar_12_177_west,0.2950411,0.0,0
Sikar_12_203_east,0.50099576,0.0,1
Sikar_12_203_northwest,0.57929045,0.0,1
Sikar_12_217_northwest,0.6889353,0.0,1
Sikar_13_12_center,0.4277648,0.0,0
Barmer_13_21_northeast,0.21117093,0.0,0
Sikar_13_46_southeast,0.41592222,0.0,0
Sikar_13_67_southeast,0.31797868,0.0,0
Sikar_13_90_south,0.58817506,1.0,1
Sikar_13_90_northwest,0.5702354,0.0,1
Sikar_13_115_north,0.36906675,0.0,0
Sikar_13_123_south,0.6706315,1.0,1
Sikar_13_126_north,0.37830147,0.0,0
Sikar_13_138_north,0.49193347,1.0,0
Sikar_13_138_south,0.34776506,0.0,0
Sikar_13_153_northeast,0.44277567,0.0,0
Sikar_13_184_center,0.6362487,0.0,1
Sikar_14_3_north,0.5544402,0.0,1
Sikar_14_3_north,0.5544402,0.0,1
Sikar_14_15_center,0.5882242,0.0,1
Sikar_14_15_east,0.54917294,0.0,1
Sikar_14_24_west,0.6710258,0.0,1
Barmer_14_71_west,0.10720452,0.0,0
Sikar_14_83_southwest,0.4009882,0.0,0
Sikar_14_162_center,0.43627998,0.0,0
Sikar_14_166_center,0.43627998,1.0,0
Sikar_14_166_center,0.43627998,1.0,0
Sikar_14_169_southeast,0.47185817,0.0,0
Sikar_15_58_east,0.40728468,0.0,0
Sikar_15_79_northeast,0.39249426,0.0,0
Sikar_15_83_northeast,0.475619,0.0,0
Sikar_15_94_northwest,0.7157919,1.0,1
Sikar_15_101_southeast,0.5584538,0.0,1
Sikar_15_107_northwest,0.6391054,0.0,1
Sikar_15_155_center,0.35033414,0.0,0
Sikar_15_160_east,0.5533428,0.0,1
Sikar_15_171_southwest,0.60791534,0.0,1
Sikar_15_171_southwest,0.60791534,0.0,1
Sikar_15_183_southwest,0.39418796,0.0,0
Sikar_16_24_southeast,0.47312215,1.0,0
Sikar_16_24_south,0.47124723,0.0,0
Sikar_16_46_northeast,0.63281965,0.0,1
Sikar_16_87_center,0.4065314,0.0,0
Sikar_16_87_northwest,0.46016058,0.0,0
Sikar_16_117_center,0.4018158,0.0,0
Sikar_16_149_south,0.49755782,0.0,0
Sikar_17_17_southeast,0.4709618,1.0,0
Sikar_17_44_west,0.688363,1.0,1
Barmer_17_129_south,0.36518827,0.0,0
Barmer_17_175_northeast,0.46790388,0.0,0
Sikar_17_191_north,0.5629127,1.0,1
Sikar_18_7_east,0.7097044,0.0,1
Sikar_18_30_center,0.42021865,0.0,0
Sikar_18_47_south,0.43859562,0.0,0
Sikar_18_98_southeast,0.48000228,0.0,0
Sikar_18_144_northwest,0.7540771,1.0,1
Sikar_19_11_southwest,0.51585907,1.0,1
Sikar_19_86_northeast,0.42611554,0.0,0
Sikar_19_90_east,0.43027982,0.0,0
Sikar_20_20_northeast,0.40432727,0.0,0
Sikar_20_99_west,0.61709875,0.0,1
Sikar_20_104_center,0.44303098,0.0,0
Sikar_20_132_west,0.57488936,0.0,1
Barmer_20_136_northwest,0.40823948,0.0,0
Sikar_21_30_south,0.56352335,0.0,1
Sikar_21_56_east,0.5769145,0.0,1
Sikar_21_67_northeast,0.41503063,0.0,0
Sikar_22_59_southwest,0.3162678,0.0,0
Sikar_22_103_north,0.43438178,0.0,0
Sikar_22_112_northwest,0.4404905,0.0,0
Sikar_23_55_northwest,0.50245064,0.0,1
Sikar_23_94_southeast,0.29675093,0.0,0
Sikar_23_102_west,0.49503455,0.0,0
Sikar_23_103_northwest,0.67857826,1.0,1
Sikar_24_6_west,0.33364984,0.0,0
Sikar_24_70_center,0.3126715,0.0,0
Sikar_24_94_east,0.4784837,0.0,0
Sikar_24_97_east,0.36227196,0.0,0
Sikar_25_7_southeast,0.5925852,0.0,1
Sikar_25_59_center,0.55876553,0.0,1
Sikar_25_83_east,0.7090235,0.0,1
Sikar_25_83_south,0.3979236,0.0,0
Sikar_25_87_center,0.12404548,0.0,0
Sikar_25_106_center,0.63403285,1.0,1
Sikar_25_114_north,0.59449923,0.0,1
Sikar_25_114_east,0.54019225,0.0,1
Sikar_25_114_northwest,0.5747269,0.0,1
Sikar_25_128_southwest,0.45506755,0.0,0
Sikar_25_144_southwest,0.5492343,1.0,1
Sikar_26_0_south,0.50618917,1.0,1
Sikar_26_2_northeast,0.4214,0.0,0
Sikar_26_9_west,0.2719884,0.0,0
Sikar_26_74_south,0.476617,1.0,0
Sikar_26_105_center,0.49207538,0.0,0
Sikar_27_61_northeast,0.45460057,0.0,0
Sikar_27_86_north,0.41697192,0.0,0
Sikar_27_107_center,0.4089362,0.0,0
Sikar_27_122_center,0.7597187,0.0,1
Sikar_27_131_north,0.58641106,0.0,1
Sikar_27_131_southeast,0.6237232,1.0,1
Sikar_28_33_east,0.6821006,0.0,1
Sikar_28_72_south,0.47164914,0.0,0
Sikar_28_133_east,0.38994473,0.0,0
Sikar_28_135_south,0.4032489,0.0,0
Sikar_29_10_center,0.5608879,0.0,1
Sikar_29_16_north,0.4582753,0.0,0
Sikar_29_38_west,0.11813812,0.0,0
Sikar_29_96_west,0.45501325,0.0,0
Sikar_29_102_center,0.46331188,0.0,0
Sikar_29_102_southeast,0.47800863,0.0,0
Sikar_30_12_northeast,0.4976032,1.0,0
Sikar_30_43_northwest,0.2987435,1.0,0
Sikar_30_53_north,0.44382912,0.0,0
Sikar_30_67_northeast,0.31101915,0.0,0
Sikar_30_75_southwest,0.661304,0.0,1
Sikar_30_86_south,0.84155375,0.0,1
Sikar_30_95_east,0.40784642,0.0,0
Sikar_30_138_north,0.310748,0.0,0
Sikar_31_6_south,0.5702377,0.0,1
Barmer_31_32_southeast,0.6043022,1.0,1
Sikar_33_109_center,0.43214458,0.0,0
Sikar_34_33_southwest,0.5379917,0.0,1
Sikar_34_50_north,0.4612282,0.0,0
Sikar_34_50_east,0.4569179,0.0,0
Sikar_34_60_northeast,0.352581,0.0,0
Sikar_34_63_southeast,0.53635925,0.0,1
Sikar_34_66_center,0.58817506,1.0,1
Sikar_34_119_east,0.43350828,0.0,0
Sikar_35_12_center,0.3585189,0.0,0
Sikar_35_12_east,0.55908847,0.0,1
Sikar_35_56_northeast,0.3657597,0.0,0
Sikar_35_56_east,0.3735251,0.0,0
Sikar_35_70_east,0.54655236,0.0,1
Sikar_35_91_south,0.43798512,0.0,0
Sikar_35_109_southeast,0.67322046,0.0,1
Barmer_35_110_east,0.252264,0.0,0
Sikar_35_113_southeast,0.44999516,0.0,0
Sikar_36_23_southwest,0.4377267,0.0,0
Sikar_36_40_east,0.47327238,0.0,0
Sikar_36_63_center,0.7488045,0.0,1
Sikar_36_94_center,0.51544285,0.0,1
Sikar_37_2_center,0.3104955,0.0,0
Sikar_37_52_north,0.42451698,0.0,0
Sikar_37_55_northwest,0.49322936,0.0,0
Sikar_37_71_south,0.5468458,0.0,1
Sikar_37_72_center,0.38472894,0.0,0
Sikar_37_87_west,0.43853325,0.0,0
Sikar_37_100_southeast,0.41476914,0.0,0
Sikar_38_16_north,0.613673,1.0,1
Sikar_38_27_west,0.5407536,0.0,1
Sikar_38_40_south,0.2608394,0.0,0
Sikar_39_24_northeast,0.47602382,0.0,0
Sikar_39_37_southwest,0.37721634,0.0,0
Sikar_39_41_north,0.7289454,0.0,1
Sikar_39_94_northwest,0.35975137,0.0,0
Sikar_39_96_southeast,0.33409724,0.0,0
Sikar_40_18_center,0.2958835,0.0,0
Sikar_40_23_southeast,0.6347814,0.0,1
Sikar_40_24_north,0.70823145,1.0,1
Sikar_40_49_east,0.40206465,0.0,0
Sikar_40_57_east,0.52901065,0.0,1
Sikar_40_58_north,0.34680724,0.0,0
Sikar_40_58_north,0.34680724,0.0,0
Sikar_40_58_northwest,0.41317466,0.0,0
Sikar_40_91_west,0.53149986,0.0,1
Sikar_41_23_center,0.6965283,0.0,1
Sikar_41_50_east,0.54794055,0.0,1
Sikar_41_64_south,0.36855662,1.0,0
Sikar_41_106_north,0.4515618,0.0,0
Sikar_42_51_southwest,0.11358929,0.0,0
Sikar_43_2_southwest,0.44812205,0.0,0
Sikar_43_9_east,0.49963662,0.0,0
Sikar_43_18_northeast,0.5252396,0.0,1
Sikar_43_18_west,0.59087473,0.0,1
Sikar_43_20_northeast,0.31132182,0.0,0
Sikar_43_20_southeast,0.34102812,0.0,0
Sikar_43_24_center,0.4461438,0.0,0
Sikar_43_37_east,0.4873754,0.0,0
Sikar_43_41_southwest,0.67719287,0.0,1
Sikar_43_47_northwest,0.6477562,0.0,1
Sikar_43_54_center,0.49792972,0.0,0
Sikar_43_57_southwest,0.4772557,0.0,0
Sikar_43_89_southwest,0.5728933,0.0,1
Sikar_43_91_north,0.3624118,0.0,0
Sikar_44_6_northeast,0.34613267,0.0,0
Sikar_44_20_northeast,0.5726768,0.0,1
Sikar_44_20_northwest,0.61865294,0.0,1
Sikar_44_74_southeast,0.68971556,1.0,1
Sikar_45_29_west,0.2229219,0.0,0
Sikar_46_67_south,0.63852304,0.0,1
Sikar_47_18_south,0.5858298,0.0,1
Sikar_47_40_center,0.7496571,0.0,1
Sikar_48_18_southeast,0.5327606,0.0,1
Sikar_48_31_northwest,0.56221515,0.0,1
Sikar_48_47_west,0.6443965,0.0,1
Sikar_48_56_northeast,0.6183214,0.0,1
Sikar_49_5_northeast,0.5222556,0.0,1
Sikar_49_5_northwest,0.43265554,0.0,0
Sikar_49_12_center,0.41183534,0.0,0
Sikar_49_41_east,0.19580933,0.0,0
Sikar_49_51_east,0.67258537,1.0,1
Sikar_49_68_southwest,0.46289626,0.0,0
Sikar_49_73_northwest,0.5853479,0.0,1
Sikar_49_87_northeast,0.6482844,1.0,1
Sikar_49_103_north,0.46031898,0.0,0
Sikar_50_24_west,0.38506228,0.0,0
Sikar_51_10_northeast,0.39571437,0.0,0
Sikar_51_43_north,0.38038453,0.0,0
Sikar_51_52_west,0.31494823,0.0,0
Sikar_51_55_north,0.40014425,0.0,0
Sikar_51_96_east,0.7058312,1.0,1
Sikar_52_1_south,0.389766,0.0,0
Sikar_52_8_north,0.40285107,0.0,0
Sikar_52_57_south,0.55900264,0.0,1
Sikar_52_76_east,0.50771856,0.0,1
Sikar_53_13_south,0.84682477,0.0,1
Sikar_53_67_east,0.6852354,0.0,1
Sikar_54_9_north,0.42432687,0.0,0
Sikar_54_81_southeast,0.46521407,1.0,0
Sikar_54_81_southeast,0.46521407,1.0,0
Sikar_55_35_northeast,0.5240335,0.0,1
Sikar_55_46_north,0.339553,0.0,0
Sikar_55_46_northeast,0.41881382,0.0,0
Sikar_55_53_south,0.41744164,0.0,0
Sikar_55_67_north,0.38069195,0.0,0
Sikar_56_31_southwest,0.3980149,0.0,0
Sikar_56_61_west,0.55413496,0.0,1
Sikar_57_0_east,0.45545572,0.0,0
Sikar_57_7_south,0.44605345,0.0,0
Sikar_58_4_north,0.31246534,0.0,0
Sikar_59_74_north,0.51848376,0.0,1
Sikar_59_74_southwest,0.5745086,0.0,1
Sikar_61_7_south,0.6334449,0.0,1
Sikar_61_43_northeast,0.57562876,0.0,1
Sikar_61_50_east,0.5578686,0.0,1
Sikar_61_50_east,0.5578686,0.0,1
Sikar_61_79_southeast,0.47162604,1.0,0
Sikar_62_12_northwest,0.33195886,0.0,0
Sikar_62_28_center,0.3540017,0.0,0
Sikar_62_29_southwest,0.4528553,0.0,0
Sikar_62_31_east,0.58608854,1.0,1
Sikar_62_46_northwest,0.35953742,0.0,0
Sikar_62_66_southeast,0.61883336,0.0,1
Sikar_63_3_southwest,0.28526723,0.0,0
Sikar_63_38_northwest,0.4956365,1.0,0
Sikar_64_11_southwest,0.4064026,0.0,0
Sikar_64_7_west,0.3760175,0.0,0
Sikar_64_20_east,0.43941748,1.0,0
Sikar_64_28_northeast,0.290521,0.0,0
Sikar_65_0_center,0.4438523,0.0,0
Sikar_65_0_northwest,0.41945842,0.0,0
Sikar_65_38_north,0.55183065,0.0,1
Sikar_65_38_northwest,0.5116566,0.0,1
Sikar_65_64_east,0.642455,1.0,1
Sikar_65_64_northwest,0.7305397,0.0,1
Sikar_66_49_center,0.38595712,0.0,0
Sikar_67_1_southwest,0.47607306,0.0,0
Sikar_67_10_east,0.34197783,0.0,0
Sikar_68_16_center,0.36743233,0.0,0
Sikar_69_26_east,0.4589219,0.0,0
Sikar_69_35_north,0.60584146,0.0,1
Sikar_70_14_east,0.4582753,0.0,0
Sikar_70_29_east,0.54390216,0.0,1
Sikar_71_31_south,0.42757154,0.0,0
Sikar_71_41_west,0.64778364,0.0,1
Sikar_71_52_southwest,0.6664917,1.0,1
Sikar_71_51_northeast,0.5164796,0.0,1
Sikar_72_80_west,0.47676095,0.0,0
Sikar_73_57_center,0.5367301,0.0,1
Sikar_73_67_center,0.48881814,0.0,0
Sikar_73_67_center,0.48881814,0.0,0
Sikar_74_25_northwest,0.36672863,0.0,0
Sikar_74_60_center,0.54347324,0.0,1
Sikar_74_60_southwest,0.62559664,0.0,1
Sikar_75_18_southeast,0.27057335,0.0,0
Sikar_75_60_northwest,0.4104704,0.0,0
Sikar_77_27_northeast,0.2154126,0.0,0
Sikar_77_46_center,0.5508558,0.0,1
Sikar_78_52_south,0.45086357,0.0,0
Sikar_79_21_east,0.47355762,0.0,0
Sikar_79_56_southeast,0.4974272,0.0,0
Sikar_80_10_west,0.45544547,0.0,0
Sikar_80_19_west,0.7481448,0.0,1
Sikar_81_17_center,0.49779332,0.0,0
Sikar_82_16_southeast,0.65773886,0.0,1
Sikar_82_56_north,0.42828336,0.0,0
Sikar_83_33_southwest,0.5568443,1.0,1
Sikar_84_2_east,0.46713424,0.0,0
Sikar_84_7_northwest,0.4666184,0.0,0
Sikar_84_9_east,0.35915318,0.0,0
Sikar_85_9_west,0.41964895,0.0,0
Sikar_85_36_west,0.37478256,1.0,0
Sikar_85_55_southeast,0.58138835,1.0,1
Sikar_85_55_southwest,0.55229825,0.0,1
Sikar_85_57_northwest,0.5513102,1.0,1
Sikar_86_4_north,0.44318494,1.0,0
Sikar_87_6_southwest,0.55328965,0.0,1
Sikar_89_6_east,0.5582954,0.0,1
Sikar_89_15_northwest,0.44233233,0.0,0
Sikar_90_8_south,0.34252012,0.0,0
Sikar_90_33_center,0.35962492,0.0,0
Sikar_91_0_center,0.54356796,0.0,1
Sikar_91_30_northwest,0.43748534,0.0,0
Sikar_91_30_northwest,0.43748534,0.0,0
Sikar_92_28_north,0.5214877,1.0,1
Sikar_93_27_center,0.5499377,0.0,1
Sikar_95_27_south,0.5932458,0.0,1
Sikar_96_32_southeast,0.98947185,0.0,1
Sikar_98_27_east,0.77599216,0.0,1
Sikar_99_5_north,0.56198865,0.0,1
Sikar_100_12_east,0.5702377,0.0,1
Sikar_100_25_northwest,0.64077073,0.0,1
Sikar_102_27_west,0.3796651,0.0,0
Sikar_103_25_southwest,0.8060622,1.0,1
Sikar_106_18_southwest,0.43521988,0.0,0
Sikar_108_44_west,0.6226901,1.0,1
Sikar_108_48_center,0.3041256,0.0,0
Sikar_114_0_northwest,0.33086246,0.0,0
Sikar_114_15_southeast,0.66453487,0.0,1
Sikar_115_17_southeast,0.6092286,0.0,1
Sikar_116_9_southwest,0.38670802,0.0,0
Sikar_117_11_northwest,0.46433225,0.0,0
Sikar_118_25_north,0.6678889,0.0,1
Sikar_118_25_north,0.6678889,0.0,1
Sikar_119_0_center,0.8276176,1.0,1
Sikar_119_8_center,0.36364678,0.0,0
Sikar_119_28_east,0.38919362,0.0,0
Sikar_119_28_southwest,0.22752632,0.0,0
Sikar_121_18_southwest,0.32532564,0.0,0
Sikar_122_26_north,0.6297114,1.0,1
Sikar_123_4_southeast,0.37432086,0.0,0
Sikar_125_19_northwest,0.4274985,0.0,0
Sikar_125_20_north,0.5740875,0.0,1
Sikar_126_6_center,0.66027683,0.0,1
Sikar_127_3_northwest,0.61963904,1.0,1
Sikar_129_26_northwest,0.49428898,0.0,0
Sikar_132_25_north,0.39733887,0.0,0
Sikar_133_14_northwest,0.35272056,0.0,0
Sikar_135_4_east,0.6230108,0.0,1
Sikar_135_18_northwest,0.3861657,0.0,0
Sikar_136_10_south,0.3802513,0.0,0
Sikar_138_20_north,0.49981272,0.0,0
Sikar_139_9_south,0.34846768,0.0,0
Sikar_141_2_southeast,0.39348826,0.0,0
Sikar_141_2_northwest,0.4485972,0.0,0
Sikar_141_8_southwest,0.52780837,1.0,1
Sikar_141_14_south,0.4858726,0.0,0
Sikar_142_16_southeast,0.4725939,1.0,0
Sikar_145_24_west,0.58435297,0.0,1
Sikar_148_7_northeast,0.55878216,1.0,1
Sikar_151_5_north,0.5773394,1.0,1
Sikar_152_6_northeast,0.81775624,1.0,1
Sikar_152_17_west,0.7059045,1.0,1
Sikar_154_14_north,0.27500355,0.0,0
Sikar_155_13_north,0.41501406,0.0,0
Sikar_158_24_southeast,0.35935715,0.0,0
Sikar_161_9_southeast,0.55187094,0.0,1
Sikar_162_9_southeast,0.4254412,0.0,0
Sikar_164_10_northeast,0.3432659,0.0,0
Sikar_169_2_northwest,0.46562216,0.0,0
Sikar_171_10_east,0.28098673,0.0,0
Sikar_172_3_northwest,0.5349299,0.0,1
Sikar_172_12_northwest,0.37457356,0.0,0
Sikar_172_12_northwest,0.37457356,0.0,0
Sikar_174_3_south,0.1362089,0.0,0
Sikar_175_10_north,0.74488574,1.0,1
Sikar_176_5_east,0.7083224,0.0,1
Sikar_177_7_center,0.28421977,0.0,0
Sikar_179_5_east,0.5748275,0.0,1
Sikar_180_0_southwest,0.34666032,0.0,0
Sikar_182_0_south,0.5426728,0.0,1
Sikar_194_3_east,0.39170396,0.0,0
Sikar_194_3_east,0.39170396,0.0,0
Sikar_195_11_center,0.68070793,0.0,1
Sikar_204_4_east,0.7830591,0.0,1
Sikar_204_7_center,0.63940436,0.0,1
Sikar_206_4_center,0.31004888,0.0,0
Sikar_207_2_west,0.47443438,0.0,0
Sikar_207_4_south,0.3372247,0.0,0
Sikar_209_9_south,0.43619847,0.0,0
Sikar_218_3_south,0.44227636,0.0,0
Sikar_225_0_southwest,0.42433676,0.0,0
Sikar_227_5_east,0.40993732,0.0,0
Sikar_230_0_south,0.5595458,1.0,1
Sikar_239_2_southwest,0.49037972,1.0,0
Sikar_246_0_northwest,0.28949904,0.0,0
Sikar_251_6_south,0.75334185,0.0,1
Sikar_266_4_southeast,0.3534896,0.0,0
Sikar_276_1_center,0.47710246,1.0,0
Sikar_288_7_north,0.43791962,0.0,0
Sikar_296_1_northeast,0.52107817,0.0,1
Sikar_305_1_north,0.36043411,0.0,0
Sikar_306_1_north,0.5610857,0.0,1
Sikar_313_0_south,0.68070793,0.0,1
Sikar_393_0_north,0.47609282,0.0,0
